id_no,name_en,name_fr,body_en,body_fr,lat,long,states_name_en,region
252,Taj Mahal,Le Taj Mahal,<p>An immense mausoleum of white marble - built in Agra between 1631 and 1648 by order of the Mughal emperor Shah Jahan in memory of his favourite wife - the Taj Mahal is the jewel of Muslim art in India and one of the universally admired masterpieces of the world's heritage.</p>,<p>Immense mausol&eacute;e fun&eacute;raire de marbre blanc &eacute;difi&eacute;e entre 1631 et 1648 &agrave; Agra sur l'ordre de l'empereur moghol Shah Jahan pour perp&eacute;tuer le souvenir de son &eacute;pouse favorite - le Taj Mahal - joyau le plus parfait de l'art musulman en Inde - est l'un des chefs-d'&oelig;uvre universellement admir&eacute;s du patrimoine de l'humanit&eacute;.</p>,27.1752332,78.0424342,India,Asia
154,Great Barrier Reef,La Grande Barrière,<p>The Great Barrier Reef is a site of remarkable variety and beauty on the north-east coast of Australia. It contains the world&rsquo;s largest collection of coral reefs - with 400 types of coral - 1 -500 species of fish and 4 -000 types of mollusc. It also holds great scientific interest as the habitat of species such as the dugong (&lsquo;sea cow&rsquo;) and the large green turtle - which are threatened with extinction.</p>,<p>Au nord-est de la c&ocirc;te australienne - le plus grand ensemble corallien du monde offre - avec ses 400 esp&egrave;ces de coraux - ses 1 500 esp&egrave;ces de poissons et ses 4 000 esp&egrave;ces de mollusques - un spectacle d&rsquo;une vari&eacute;t&eacute; et d&rsquo;une beaut&eacute; extraordinaires et d&rsquo;un haut int&eacute;r&ecirc;t scientifique. C&rsquo;est aussi l&rsquo;habitat d&rsquo;esp&egrave;ces menac&eacute;es d&rsquo;extinction - comme le dugong et la grande tortue verte.</p>,-16.8475655,146.2274753,Australia,Asia
75,Grand Canyon National Park,Parc national du Grand Canyon,<p>Carved out by the Colorado River - the Grand Canyon (nearly 1 -500 m deep) is the most spectacular gorge in the world. Located in the state of Arizona - it cuts across the Grand Canyon National Park. Its horizontal strata retrace the geological history of the past 2 billion years. There are also prehistoric traces of human adaptation to a particularly harsh environment.</p>,<p>Sculpt&eacute; par le Colorado - le Grand Canyon - de pr&egrave;s de 1 500 m de profondeur - est la gorge la plus spectaculaire du monde. Situ&eacute; dans l'Arizona - il traverse le parc national du Grand Canyon. Ses strates horizontales retracent une histoire g&eacute;ologique s'&eacute;tendant sur 2 milliards d'ann&eacute;es. On y trouve aussi les vestiges pr&eacute;historiques d'une adaptation humaine &agrave; un environnement particuli&egrave;rement rude.</p>,36.085482,-112.0863174,United States of America,Europe and North America
326,Petra,Petra,<p>Inhabited since prehistoric times - this Nabataean caravan-city - situated between the Red Sea and the Dead Sea - was an important crossroads between Arabia - Egypt and Syria-Phoenicia. Petra is half-built - half-carved into the rock - and is surrounded by mountains riddled with passages and gorges. It is one of the world's most famous archaeological sites - where ancient Eastern traditions blend with Hellenistic architecture.</p>,<p>Habit&eacute;e depuis la pr&eacute;histoire - cette cit&eacute; caravani&egrave;re nabat&eacute;enne situ&eacute;e entre la mer Rouge et la mer Morte fut dans l'Antiquit&eacute; un carrefour important entre l'Arabie - l'&Eacute;gypte et la Syrie-Ph&eacute;nicie. Mi-construite et mi-sculpt&eacute;e dans le roc &agrave; l'int&eacute;rieur d'un cirque de montagnes perc&eacute; de couloirs et de d&eacute;fil&eacute;s - Petra est un site arch&eacute;ologique des plus c&eacute;l&egrave;bres - o&ugrave; se m&ecirc;lent les influences de traditions orientales anciennes et de l'architecture hell&eacute;nistique.</p>,30.3306551,35.4443541,Jordan,Arab States
668,Angkor,Angkor,<p>Angkor is one of the most important archaeological sites in South-East Asia. Stretching over some 400 km2 - including forested area - Angkor Archaeological Park contains the magnificent remains of the different capitals of the Khmer Empire - from the 9th to the 15th century. They include the famous Temple of Angkor Wat and - at Angkor Thom - the Bayon Temple with its countless sculptural decorations. UNESCO has set up a wide-ranging programme to safeguard this symbolic site and its surroundings.</p>,<p>Angkor est l’un des principaux sites archéologiques de l’Asie du Sud-Est. S’étendant sur quelque 400 km2 couverts en partie par la forêt - le parc archéologique d’Angkor recèle les admirables vestiges des différentes capitales de l’Empire khmer qui rayonna entre le IXe et le XVe siècle : le célèbre temple d’Angkor Vat et - à Angkor Thom - le temple du Bayon orné d’innombrables sculptures. L’UNESCO a mis en œuvre un vaste programme de sauvegarde de ce site symbole et de son environnement.</p>,13.4122351,103.8677091,Cambodia,Asia
540,Historic Centre of Saint Petersburg,Centre historique de Saint-Pétersbourg,<p>The 'Venice of the North' - with its numerous canals and more than 400 bridges - is the result of a vast urban project begun in 1703 under Peter the Great. Later known as Leningrad (in the former USSR) - the city is closely associated with the October Revolution. Its architectural heritage reconciles the very different Baroque and pure neoclassical styles - as can be seen in the Admiralty - the Winter Palace - the Marble Palace and the Hermitage.</p>,<p>La &laquo; Venise du Nord &raquo; - avec ses nombreux canaux et plus de 400 ponts - est avant tout le r&eacute;sultat d'un vaste projet d'urbanisme commenc&eacute; en 1703 sous Pierre le Grand. Connue plus tard sous le nom de Leningrad (en ex-URSS) - elle reste &eacute;troitement associ&eacute;e &agrave; la r&eacute;volution d'Octobre. Son patrimoine architectural concilie dans ses &eacute;difices les styles oppos&eacute;s du baroque et du pur n&eacute;oclassicisme comme on le voit dans l'Amiraut&eacute; - le palais d'Hiver - le palais de Marbre et l'Ermitage.</p>,59.9409236,30.315144,Russia,Europe and North America
274,Historic Sanctuary of Machu Picchu,Sanctuaire historique de Machu Picchu,<p>Machu Picchu stands 2 -430 m above sea-level - in the middle of a tropical mountain forest - in an extraordinarily beautiful setting. It was probably the most amazing urban creation of the Inca Empire at its height; its giant walls - terraces and ramps seem as if they have been cut naturally in the continuous rock escarpments. The natural setting - on the eastern slopes of the Andes - encompasses the upper Amazon basin with its rich diversity of flora and fauna.</p>,<p>&Agrave; 2 430 m d'altitude - dans un site montagneux d'une extraordinaire beaut&eacute; - au milieu d'une for&ecirc;t tropicale - Machu Picchu a probablement &eacute;t&eacute; la cr&eacute;ation urbaine la plus stup&eacute;fiante de l'Empire inca &agrave; son apog&eacute;e : murailles - terrasses et rampes gigantesques sculptent les escarpements rocheux dont elles paraissent le prolongement. Le cadre naturel - sur le versant oriental des Andes - fait partie du bassin sup&eacute;rieur de l'Amazone - riche d'une flore et d'une faune tr&egrave;s vari&eacute;es.</p>,-13.162711,-72.5446233,Peru,Latin America and the Caribbean
204,Old Havana and its Fortification System,Vieille ville de La Havane et son système de fortifications,<p>Havana was founded in 1519 by the Spanish. By the 17th century - it had become one of the Caribbean's main centres for ship-building. Although it is today a sprawling metropolis of 2 million inhabitants - its old centre retains an interesting mix of Baroque and neoclassical monuments - and a homogeneous ensemble of private houses with arcades - balconies - wrought-iron gates and internal courtyards.</p>,<p>Fond&eacute;e en 1519 par les Espagnols - La Havane est devenue au XVII<sup>e</sup> si&egrave;cle un grand centre de construction navale pour les Cara&iuml;bes. Bien qu'elle soit aujourd'hui une m&eacute;tropole tentaculaire de deux millions d'habitants - son centre ancien conserve un m&eacute;lange int&eacute;ressant de monuments baroques et n&eacute;oclassiques - ainsi qu'un ensemble homog&egrave;ne de maisons avec des arcades - des balcons - des grilles en fer forg&eacute; et des cours int&eacute;rieures.</p>,23.1381529,-82.3592423,Cuba,Latin America and the Caribbean
307,Statue of Liberty,Statue de la Liberté,<p>Made in Paris by the French sculptor Bartholdi - in collaboration with Gustave Eiffel (who was responsible for the steel framework) - this towering monument to liberty was a gift from France on the centenary of American independence. Inaugurated in 1886 - the sculpture stands at the entrance to New York Harbour and has welcomed millions of immigrants to the United States ever since.</p>,<p>Ex&eacute;cut&eacute;e &agrave; Paris par le sculpteur Bartholdi avec la collaboration de Gustave Eiffel pour la charpente m&eacute;tallique - la statue colossale de la Libert&eacute; &eacute;clairant le monde fut offerte par la France pour le centenaire de l'ind&eacute;pendance des &Eacute;tats-Unis. Inaugur&eacute;e en 1886 - elle a accueilli depuis lors &agrave; l'entr&eacute;e du port de New York des millions d'immigrants venus peupler les &Eacute;tats-Unis.</p>,40.6890144,-74.0444946,United States of America,Europe and North America
86,Memphis and its Necropolis – the Pyramid Fields from Giza to Dahshur,Memphis et sa nécropole –  les zones des  pyramides de Guizeh à Dahchour,<p>The capital of the Old Kingdom of Egypt has some extraordinary funerary monuments - including rock tombs - ornate mastabas - temples and pyramids. In ancient times - the site was considered one of the Seven Wonders of the World.</p>,<p>Autour de la capitale de l'Ancien Empire &eacute;gyptien subsistent d'extraordinaires ensembles fun&eacute;raires avec leurs tombes rupestres - leurs <em>mastabas</em> finement d&eacute;cor&eacute;s - leur temples et leurs pyramides. Le site &eacute;tait consid&eacute;r&eacute; dans l'Antiquit&eacute; comme l'une des Sept Merveilles du monde.</p>,29.9792423,31.1358089,Egypt,Arab States
148,Old City of Jerusalem,Vieille ville de Jérusalem,<p>As a holy city for Judaism - Christianity and Islam - Jerusalem has always been of great symbolic importance. Among its 220 historic monuments - the Dome of the Rock stands out: built in the 7th century - it is decorated with beautiful geometric and floral motifs. It is recognized by all three religions as the site of Abraham's sacrifice. The Wailing Wall delimits the quarters of the different religious communities - while the Resurrection rotunda in the Church of the Holy Sepulchre houses Christ's tomb.</p>,<p>Ville sainte du juda&iuml;sme - du christianisme et de l'islam - J&eacute;rusalem a toujours eu une valeur symbolique. Parmi ses 220 monuments historiques - se d&eacute;tache le formidable D&ocirc;me du Rocher - construit au VII<sup>e</sup> si&egrave;cle et d&eacute;cor&eacute; de beaux motifs g&eacute;om&eacute;triques et floraux. Il est reconnu par les trois religions comme le lieu du sacrifice d'Abraham. Le mur des Lamentations sert de limite aux quartiers des diff&eacute;rentes communaut&eacute;s religieuses - tandis que la Rotonde de la R&eacute;surrection abrite le tombeau du Christ.</p>,31.7765629,35.2340481,Jerusalem ,Arab States
331,Medina of Marrakesh,Médina de Marrakech,<p>Founded in 1070&ndash;72 by the Almoravids - Marrakesh remained a political - economic and cultural centre for a long period. Its influence was felt throughout the western Muslim world - from North Africa to Andalusia. It has several impressive monuments dating from that period: the Koutoubiya Mosque - the Kasbah - the battlements - monumental doors - gardens - etc. Later architectural jewels include the Bandi&acirc; Palace - the Ben Youssef <em>Madrasa</em> - the Saadian Tombs - several great residences and Place Jama&acirc; El Fna - a veritable open-air theatre.</p>,<p>Fond&eacute;e en 1070-1072 par les Almoravides (1056-1147) - Marrakech fut longtemps un centre politique - &eacute;conomique et culturel majeur de l'Occident musulman - r&eacute;gnant sur l'Afrique du Nord et l'Andalousie. Des monuments grandioses remontent &agrave; cette p&eacute;riode : la mosqu&eacute;e de la Koutoubiya - la Casbah - les remparts - les portes monumentales - les jardins - etc. Plus tard - la ville accueillera d'autres merveilles - tels le palais Bandi&acirc; - la medersa Ben Youssef - les tombeaux sa&acirc;diens - de grandes demeures - etc. La place Jama&acirc; El Fna - v&eacute;ritable th&eacute;&acirc;tre en plein air - &eacute;merveille toujours les visiteurs.</p>,31.6246319,-7.9932419,Morocco,Arab States
438,The Great Wall,La Grande Muraille,<p>In c. 220 B.C. - under Qin Shi Huang - sections of earlier fortifications were joined together to form a united defence system against invasions from the north. Construction continued up to the Ming dynasty (1368&ndash;1644) - when the Great Wall became the world's largest military structure. Its historic and strategic importance is matched only by its architectural significance.</p>,<p>Vers 220 av. J.-C. - Qin Shin Huang entreprit de r&eacute;unir des tron&ccedil;ons de fortifications existants pour en faire un syst&egrave;me d&eacute;fensif coh&eacute;rent contre les invasions venues du nord. Poursuivis jusque sous les Ming (1368-1644) - ces travaux ont produit le plus gigantesque ouvrage de g&eacute;nie militaire du monde. Son importance historique et strat&eacute;gique n'a d'&eacute;gale que sa valeur architecturale.</p>,40.4319383,116.5643808,China,Asia
83,Palace and Park of Versailles,Palais et parc de Versailles,<p>The Palace of Versailles was the principal residence of the French kings from the time of Louis XIV to Louis XVI. Embellished by several generations of architects - sculptors - decorators and landscape architects - it provided Europe with a model of the ideal royal residence for over a century.</p>,<p>Lieu de r&eacute;sidence privil&eacute;gi&eacute; de la monarchie fran&ccedil;aise de Louis XIV &agrave; Louis XVI - le ch&acirc;teau de Versailles - embelli par plusieurs g&eacute;n&eacute;rations d'architectes - de sculpteurs - d'ornemanistes et de paysagistes - a &eacute;t&eacute; pour l'Europe pendant plus d'un si&egrave;cle le mod&egrave;le de ce que devait &ecirc;tre une r&eacute;sidence royale.</p>,48.8050203,2.1210635,France,Europe and North America
373,Stonehenge,Stonehenge,<p>Stonehenge and Avebury - in Wiltshire - are among the most famous groups of megaliths in the world. The two sanctuaries consist of circles of menhirs arranged in a pattern whose astronomical significance is still being explored. These holy places and the nearby Neolithic sites are an incomparable testimony to prehistoric times.</p>,<p>Stonehenge et Avebury - dans le Wiltshire - sont parmi les ensembles m&eacute;galithiques les plus c&eacute;l&egrave;bres du monde. Ces deux sanctuaires sont constitu&eacute;s de cercles de menhirs dispos&eacute;s selon un ordre aux significations astronomiques encore mal expliqu&eacute;es. Ces lieux sacr&eacute;s et les divers sites n&eacute;olithiques proches sont des t&eacute;moins irrempla&ccedil;ables de la pr&eacute;histoire.</p>,51.1788429,-1.8261628,United Kingdom,Europe and North America
822,Historic Centre of Tallinn,Centre historique de Tallin,<p>The origins of Tallinn date back to the 13th century - when a castle was built there by the crusading knights of the Teutonic Order. It developed as a major centre of the Hanseatic League - and its wealth is demonstrated by the opulence of the public buildings (the churches in particular) and the domestic architecture of the merchants' houses - which have survived to a remarkable degree despite the ravages of fire and war in the intervening centuries.</p>,<p>Les origines de Tallin remontent au XIII<sup>e</sup> si&egrave;cle - lorsqu'un ch&acirc;teau fut &eacute;difi&eacute; par les crois&eacute;s de l'ordre Teutonique. La cit&eacute; s'est d&eacute;velopp&eacute;e pour devenir un poste cl&eacute; de la Ligue hans&eacute;atique et sa prosp&eacute;rit&eacute; s'est traduite par l'opulence des &eacute;difices publics (en particulier ses &eacute;glises) et l'architecture domestique des maisons de marchands - remarquablement bien pr&eacute;serv&eacute;es malgr&eacute; les ravages des incendies et des guerres au cours des si&egrave;cles.</p>,59.4383694,24.7455361,Estonia,Europe and North America
776,Itsukushima Shinto Shrine,Sanctuaire shinto d'Itsukushima,<p>The island of Itsukushima - in the Seto inland sea - has been a holy place of Shintoism since the earliest times. The first shrine buildings here were probably erected in the 6th century. The present shrine dates from the 12th century and the harmoniously arranged buildings reveal great artistic and technical skill. The shrine plays on the contrasts in colour and form between mountains and sea and illustrates the Japanese concept of scenic beauty - which combines nature and human creativity.</p>,<p>Lieu saint du shinto&iuml;sme depuis les temps les plus recul&eacute;s - l'&icirc;le d'Itsukushima - dans la mer int&eacute;rieure de Seto - aurait accueilli ses premiers sanctuaires au VI<sup>e</sup> si&egrave;cle. Le sanctuaire actuel date du XII<sup>e</sup> si&egrave;cle et ses b&acirc;timents harmonieusement dispos&eacute;s t&eacute;moignent d'une grande qualit&eacute; artistique et technique. Composition jouant - entre mer et montagne - sur les contrastes de couleurs et de masses - le sanctuaire d'Itsukushima illustre parfaitement le concept japonais de la beaut&eacute; d'un panorama unissant paysage naturel et cr&eacute;ation humaine.</p>,34.2972057,132.3181392,Japan,Asia
98,Plitvice Lakes National Park,Parc national Plitvice,<p>The waters flowing over the limestone and chalk have - over thousands of years - deposited travertine barriers - creating natural dams which in turn have created a series of beautiful lakes - caves and waterfalls. These geological processes continue today. The forests in the park are home to bears - wolves and many rare bird species.</p>,<p>Les eaux - qui s'écoulent à travers les roches dolomitiques et calcaires - ont déposé au cours des millénaires des barrières de travertin - formant des barrages naturels qui sont à l'origine d'une série de lacs - de cavernes et de chutes d'eau de toute beauté. Ces processus géologiques se poursuivent de nos jours. Les forêts du parc abritent des ours - des loups et de nombreuses espèces d'oiseaux rares.</p>,44.8705102,15.597727,Croatia,Europe and North America
404,Acropolis - Athens,Acropole d'Athènes,<p>The Acropolis of Athens and its monuments are universal symbols of the classical spirit and civilization and form the greatest architectural and artistic complex bequeathed by Greek Antiquity to the world. In the second half of the fifth century bc - Athens - following the victory against the Persians and the establishment of democracy - took a leading position amongst the other city-states of the ancient world. In the age that followed - as thought and art flourished - an exceptional group of artists put into effect the ambitious plans of Athenian statesman Pericles and - under the inspired guidance of the sculptor Pheidias - transformed the rocky hill into a unique monument of thought and the arts. The most important monuments were built during that time: the Parthenon - built by Ictinus - the Erechtheon - the Propylaea - the monumental entrance to the Acropolis - designed by Mnesicles and the small temple Athena Nike.&nbsp;</p>,<p>L'Acropole d'Ath&egrave;nes et ses monuments sont le symbole universel de l'esprit et de la civilisation classiques - et forment le plus extraordinaire ensemble architectural et artistique l&eacute;gu&eacute; par la Gr&egrave;ce antique au reste du monde. Dans la seconde moiti&eacute; du Ve&nbsp;si&egrave;cle avant JC - Ath&egrave;nes - suite &agrave; sa victoire sur les Perses et &agrave; l'&eacute;tablissement de la d&eacute;mocratie - prit un ascendant sur les autres Cit&eacute;s-&Eacute;tats du monde antique. Durant cette p&eacute;riode - alors que l'art et la pens&eacute;e florissaient - un groupe exceptionnel d'artistes mit en &oelig;uvre les plans ambitieux de P&eacute;ricl&egrave;s - homme d'&Eacute;tat ath&eacute;nien - et transforma - sous la direction &eacute;clair&eacute;e du sculpteur Ph&eacute;idias - la colline rocheuse en un monument unique d'esprit et d'arts. Les principaux monuments furent &eacute;rig&eacute;s &agrave; cette &eacute;poque&nbsp;: le Parth&eacute;non - construit par Ictinus - l'&Eacute;rechth&eacute;ion - les Propyl&eacute;es - l'entr&eacute;e monumentale de l'Acropole - dessin&eacute;s par Mnesicl&egrave;s et le petit temple d'Ath&eacute;na Nik&ecirc;.</p>,37.9715258,23.7257826,Greece,Europe and North America
600,Paris - Banks of the Seine,Paris - rives de la Seine,<p>From the Louvre to the Eiffel Tower - from the Place de la Concorde to the Grand and Petit Palais - the evolution of Paris and its history can be seen from the River Seine. The Cathedral of Notre-Dame and the Sainte Chapelle are architectural masterpieces while Haussmann's wide squares and boulevards influenced late 19th- and 20th-century town planning the world over.</p>,<p>Du Louvre jusqu'&agrave; la tour Eiffel - ou de la place de la Concorde au Grand Palais et au Petit Palais - on peut voir l'&eacute;volution de Paris et son histoire depuis la Seine. La cath&eacute;drale Notre-Dame et la Sainte-Chapelle sont des chefs-d'&oelig;uvre d'architecture. Quant aux larges places et avenues construites par Haussmann - elles ont influenc&eacute; l'urbanisme de la fin du XIX<sup>e</sup> et du XX<sup>e</sup> si&egrave;cle dans le monde entier.</p>,48.8519367,2.3531633,France,Europe and North America
251,Agra Fort,Fort d'Agra,<p>Near the gardens of the Taj Mahal stands the important 16th-century Mughal monument known as the Red Fort of Agra. This powerful fortress of red sandstone encompasses - within its 2.5-km-long enclosure walls - the imperial city of the Mughal rulers. It comprises many fairy-tale palaces - such as the Jahangir Palace and the Khas Mahal - built by Shah Jahan; audience halls - such as the Diwan-i-Khas; and two very beautiful mosques.</p>,<p>&Agrave; proximit&eacute; imm&eacute;diate des jardins du Taj Mahal - le Fort rouge d'Agra - monument significatif du XVII<sup>e</sup> si&egrave;cle moghol - est une puissante citadelle de gr&egrave;s rouge enserrant dans son enceinte de 2 -5 km de p&eacute;rim&egrave;tre la ville imp&eacute;riale - avec un grand nombre de palais f&eacute;eriques - comme le palais de Jahangir ou le Khas Mahal - b&acirc;ti par Shah Jahan - des salles d'audience - comme le Diwan-i-Khas - et deux tr&egrave;s belles mosqu&eacute;es.</p>,27.1798574,78.0214992,India,Asia
428,City of Bath,Ville de Bath,<p>Founded by the Romans as a thermal spa - Bath became an important centre of the wool industry in the Middle Ages. In the 18th century - under George III - it developed into an elegant town with neoclassical Palladian buildings - which blend harmoniously with the Roman baths.</p>,<p>Station thermale fond&eacute;e par les Romains - Bath a &eacute;t&eacute; un centre important de l'industrie laini&egrave;re au Moyen &Acirc;ge. Au XVIII<sup>e</sup> si&egrave;cle - sous George III - elle est devenue une ville &eacute;l&eacute;gante aux b&acirc;timents n&eacute;oclassiques inspir&eacute;s par Palladio qui ont harmonieusement entour&eacute; le complexe thermal romain.</p>,51.3810083,-2.3592715,United Kingdom,Europe and North America
545,Kremlin and Red Square,Le Kremlin et la place Rouge,<p>Inextricably linked to all the most important historical and political events in Russia since the 13th century - the Kremlin (built between the 14th and 17th centuries by outstanding Russian and foreign architects) was the residence of the Great Prince and also a religious centre. At the foot of its ramparts - on Red Square - St Basil's Basilica is one of the most beautiful Russian Orthodox monuments.</p>,<p>Indissolublement li&eacute; &agrave; tous les &eacute;v&eacute;nements historiques et politiques les plus importants survenus en Russie depuis le XIII<sup>e</sup> si&egrave;cle - le Kremlin a &eacute;t&eacute; construit entre le XIV<sup>e</sup> et le XVII<sup>e</sup> si&egrave;cle par des architectes russes et &eacute;trangers exceptionnels. C'&eacute;tait la r&eacute;sidence du grand-prince ainsi qu'un centre religieux. Au pied de ses remparts - sur la place Rouge - s'&eacute;l&egrave;ve la basilique Basile-le-Bienheureux - l'un des plus beaux monuments de l'art orthodoxe.</p>,55.7544184,37.6209571,Russia,Europe and North America
826,Portovenere - Cinque Terre - and the Islands (Palmaria - Tino and Tinetto),Portovenere - Cinque Terre et les îles (Palmaria - Tino et Tinetto),<p>The Ligurian coast between Cinque Terre and Portovenere is a cultural landscape of great scenic and cultural value. The layout and disposition of the small towns and the shaping of the surrounding landscape - overcoming the disadvantages of a steep - uneven terrain - encapsulate the continuous history of human settlement in this region over the past millennium.</p>,<p>Ce territoire c&ocirc;tier ligurien qui s'&eacute;tend des Cinque Terre &agrave; Portovenere est un paysage culturel de grande valeur panoramique et culturelle. La forme et la disposition des petites villes et le mod&egrave;le du paysage environnant - surmontant les d&eacute;savantages d'un terrain escarp&eacute; et irr&eacute;gulier - marquent les jalons d'une occupation humaine continue dans cette r&eacute;gion au cours du dernier mill&eacute;naire.</p>,44.1349639,9.6817683,Italy,Europe and North America
784,Historic Centre of the City of Salzburg,Centre historique de la ville de Salzbourg,<p>Salzburg has managed to preserve an extraordinarily rich urban fabric - developed over the period from the Middle Ages to the 19th century when it was a city-state ruled by a prince-archbishop. Its Flamboyant Gothic art attracted many craftsmen and artists before the city became even better known through the work of the Italian architects Vincenzo Scamozzi and Santini Solari - to whom the centre of Salzburg owes much of its Baroque appearance. This meeting-point of northern and southern Europe perhaps sparked the genius of Salzburg&rsquo;s most famous son - Wolfgang Amadeus Mozart - whose name has been associated with the city ever since.</p>,<p>Salzbourg a su pr&eacute;server un tissu urbain d&rsquo;une richesse exceptionnelle &eacute;labor&eacute; entre le Moyen &Acirc;ge et le XIXe si&egrave;cle - alors qu&rsquo;elle formait une ville-&Eacute;tat gouvern&eacute;e par son prince-archev&ecirc;que. L&rsquo;art gothique flamboyant qui s&rsquo;y &eacute;panouit attira dans la ville de nombreux artistes avant que son rayonnement ne s&rsquo;affirme encore avec l&rsquo;intervention d&rsquo;architectes italiens - Vincenzo Scamozzi et Santini Solari - &agrave; qui le centre de Salzbourg doit beaucoup de son caract&egrave;re baroque. Cette rencontre du nord et du sud de l&rsquo;Europe n&rsquo;est peut-&ecirc;tre pas &eacute;trang&egrave;re au g&eacute;nie du plus illustre des fils de Salzbourg - Wolfgang Amadeus Mozart - dont la renomm&eacute;e universelle rejaillit d&eacute;sormais sur la ville.</p>,47.805562,13.0412793,Austria,Europe and North America
241,Group of Monuments at Hampi,Ensemble monumental de Hampi,<p>The austere - grandiose site of Hampi was the last capital of the last great Hindu Kingdom of Vijayanagar. Its fabulously rich princes built Dravidian temples and palaces which won the admiration of travellers between the 14th and 16th centuries. Conquered by the Deccan Muslim confederacy in 1565 - the city was pillaged over a period of six months before being abandoned.</p>,<p>Hampi est le site - aust&egrave;re et grandiose - de la derni&egrave;re capitale du dernier grand royaume hindou de Vijayanagar - dont les princes extr&ecirc;mement riches firent &eacute;difier des temples dravidiens et des palais qui firent l'admiration des voyageurs entre le XIV<sup>e</sup> et le XVI<sup>e</sup> si&egrave;cle. Conquise par la Conf&eacute;d&eacute;ration islamique du Deccan en 1565 - la ville fut livr&eacute;e au pillage pendant six mois - puis abandonn&eacute;e.</p>,15.3323983,76.4700975,India,Asia
1,Galápagos Islands,Îles Galápagos,<p>Situated in the Pacific Ocean some 1 -000 km from the South American continent - these 19 islands and the surrounding marine reserve have been called a unique ‘living museum and showcase of evolution’. Located at the confluence of three ocean currents - the Galápagos are a ‘melting pot’ of marine species. Ongoing seismic and volcanic activity reflects the processes that formed the islands. These processes - together with the extreme isolation of the islands - led to the development of unusual animal life – such as the land iguana - the giant tortoise and the many types of finch – that inspired Charles Darwin’s theory of evolution by natural selection following his visit in 1835.</p>,<p>Situées dans l’océan Pacifique - à environ 1000 km du continent sud-américain - ces dix-neuf îles et la réserve marine qui les entoure constituent un musée et un laboratoire vivants de l’évolution uniques au monde. Au confluent de trois courants océaniques - les Galápagos sont un creuset d’espèces marines. L’activité sismique et le volcanisme toujours en activité illustrent les processus qui ont formé ces îles. Ces processus - ainsi que l’isolement extrême de ces îles - ont entraîné le développement d’une faune originale - notamment l’iguane terrestre - la tortue géante et de nombreuses espèces de pinsons qui inspira à Charles Darwin sa théorie de l’évolution par la sélection naturelle à la suite de sa visite en 1835.</p>,-0.6130517,-90.9010535,Ecuador,Latin America and the Caribbean
357,Göreme National Park and the Rock Sites of Cappadocia,Parc national de Göreme et sites rupestres de Cappadoce,<p>In a spectacular landscape - entirely sculpted by erosion - the G&ouml;reme valley and its surroundings contain rock-hewn sanctuaries that provide unique evidence of Byzantine art in the post-Iconoclastic period. Dwellings - troglodyte villages and underground towns &ndash; the remains of a traditional human habitat dating back to the 4th century &ndash; can also be seen there.</p>,<p>Dans un paysage saisissant model&eacute; par l'&eacute;rosion - la vall&eacute;e de G&ouml;reme et ses environs abritent des sanctuaires rupestres - t&eacute;moignages irrempla&ccedil;ables sur l'art byzantin de la p&eacute;riode post-iconoclaste - ainsi que des habitations - des villages troglodytiques et des villes souterraines - vestiges d'un habitat humain traditionnel dont les d&eacute;buts remontent au IV<sup>e</sup> si&egrave;cle.</p>,38.6458758,34.8420439,Turkey,Europe and North America
28,Yellowstone National Park,Parc national de Yellowstone,<p>The vast natural forest of Yellowstone National Park covers nearly 9 -000 km<sup>2</sup> ; 96% of the park lies in Wyoming - 3% in Montana and 1% in Idaho. Yellowstone contains half of all the world's known geothermal features - with more than 10 -000 examples. It also has the world's largest concentration of geysers (more than 300 geyers - or two thirds of all those on the planet). Established in 1872 - Yellowstone is equally known for its wildlife - such as grizzly bears - wolves - bison and wapitis.</p>,<p>La vaste for&ecirc;t naturelle du parc national de Yellowstone couvre pr&egrave;s de 9 000 km<sup>2</sup>  - dont 96 % dans le Wyoming - 3 % dans le Montana et 1% dans l'Idaho. On trouve &agrave; Yellowstone plus de 10 000 caract&eacute;ristiques thermales - soit plus de la moiti&eacute; des ph&eacute;nom&egrave;nes g&eacute;othermiques du monde. Le parc poss&egrave;de &eacute;galement la plus forte concentration mondiale de geysers - 300 environ qui repr&eacute;sentent les 2/3 des geysers de la plan&egrave;te. Cr&eacute;&eacute; en 1872 - le parc est &eacute;galement connu pour sa faune sauvage qui comprend l'ours grizzli - le loup - le bison et le wapiti.</p>,44.4279684,-110.5884542,United States of America,Europe and North America
131,City of Valletta,Ville de La Valette,<p>The capital of Malta is inextricably linked to the history of the military and charitable Order of St John of Jerusalem. It was ruled successively by the Phoenicians - Greeks - Carthaginians - Romans - Byzantines - Arabs and the Order of the Knights of St John. Valletta&rsquo;s 320 monuments - all within an area of 55 ha - make it one of the most concentrated historic areas in the world.</p>,<p>La capitale de la r&eacute;publique de Malte est irr&eacute;vocablement li&eacute;e &agrave; l'histoire de l'ordre militaire et charitable de Saint-Jean-de-J&eacute;rusalem. La ville a &eacute;t&eacute; successivement domin&eacute;e par les Ph&eacute;niciens - les Grecs - les Carthaginois - les Romains - les Byzantins - les Arabes et l'ordre des chevaliers de Malte. Ses 320 monuments sur une superficie de 55 ha en font l'une des zones historiques les plus concentr&eacute;es du monde.</p>,35.8974191,14.5122249,Malta,Europe and North America
243,Ellora Caves,Grottes d'Ellora,<p>These 34 monasteries and temples - extending over more than 2 km - were dug side by side in the wall of a high basalt cliff - not far from Aurangabad - in Maharashtra. Ellora - with its uninterrupted sequence of monuments dating from A.D. 600 to 1000 - brings the civilization of ancient India to life. Not only is the Ellora complex a unique artistic creation and a technological exploit but - with its sanctuaries devoted to Buddhism - Hinduism and Jainism - it illustrates the spirit of tolerance that was characteristic of ancient India.</p>,<p>Trente-quatre monast&egrave;res et temples ont &eacute;t&eacute; creus&eacute;s en succession serr&eacute;e dans la paroi d'une haute falaise basaltique - non loin d'Aurangabad - contribuant &agrave; faire revivre une brillante civilisation ancienne dans une s&eacute;quence ininterrompue de monuments datables de 600 &agrave; 1000. L'ensemble d'Ellora est une r&eacute;alisation artistique unique et un tour de force technique. Avec ses sanctuaires consacr&eacute;s respectivement au bouddhisme - au brahmanisme et au ja&iuml;nisme - il illustre l'esprit de tol&eacute;rance caract&eacute;ristique de l'Inde ancienne.</p>,20.0238247,75.1618345,India,Asia
779,Leshan Giant Buddha,Paysage panoramique du mont Emei - incluant le paysage panoramique du grand Bouddha  de Leshan,<p>The first Buddhist temple in China was built here in Sichuan Province in the 1st century A.D. in the beautiful surroundings of the summit Mount Emei. The addition of other temples turned the site into one of Buddhism's holiest sites. Over the centuries - the cultural treasures grew in number. The most remarkable is the Giant Buddha of Leshan - carved out of a hillside in the 8th century and looking down on the confluence of three rivers. At 71 m high - it is the largest Buddha in the world. Mount Emei is also notable for its exceptionally diverse vegetation - ranging from subtropical to subalpine pine forests. Some of the trees there are more than 1 -000 years old.</p>,<p>C'est ici - dans le paysage d'une grande beaut&eacute; sur du mont Emei - dans le Sichuan - que fut &eacute;difi&eacute; au I<sup><sup>e</sup> r</sup> si&egrave;cle le premier temple bouddhiste chinois. La multiplication ult&eacute;rieure des temples fit de ce site l'un des principaux lieux sacr&eacute;s du bouddhisme. Au cours des si&egrave;cles - les tr&eacute;sors culturels s'y accumul&egrave;rent - le plus saisissant &eacute;tant le grand Bouddha de Leshan &eacute;rig&eacute; au VIII<sup>e</sup> si&egrave;cle. Cette statue taill&eacute;e &agrave; flanc de colline - qui domine le confluent de trois fleuves de ses 71 m de haut - est la plus grande statue de Bouddha du monde. Le mont Emei se distingue &eacute;galement par la grande diversit&eacute; de sa flore - depuis les zones v&eacute;g&eacute;tales subtropicales jusqu'aux for&ecirc;ts de conif&egrave;res subalpines - dont certains arbres ont plus de 1 000 ans.</p>,29.5471219,103.7690839,China,Asia
857,La Grand-Place - Brussels,La Grand-Place de Bruxelles,<p>La Grand-Place in Brussels is a remarkably homogeneous body of public and private buildings - dating mainly from the late 17th century. The architecture provides a vivid illustration of the level of social and cultural life of the period in this important political and commercial centre.</p>,<p>La Grand-Place de Bruxelles est un ensemble remarquablement homog&egrave;ne de b&acirc;timents publics et priv&eacute;s - datant principalement de la fin du XVIIe si&egrave;cle - dont l&rsquo;architecture r&eacute;sume et illustre de mani&egrave;re vivace la qualit&eacute; sociale et culturelle de cet important centre politique et commercial.</p>,50.8468536,4.3519734,Belgium,Europe and North America
483,Pre-Hispanic City of Chichen-Itza,Ville préhispanique de Chichen - Itza,<p>This sacred site was one of the greatest Mayan centres of the Yucat&aacute;n peninsula. Throughout its nearly 1 -000-year history - different peoples have left their mark on the city. The Maya and Toltec vision of the world and the universe is revealed in their stone monuments and artistic works. The fusion of Mayan construction techniques with new elements from central Mexico make Chichen-Itza one of the most important examples of the Mayan-Toltec civilization in Yucat&aacute;n. Several buildings have survived - such as the Warriors&rsquo; Temple - El Castillo and the circular observatory known as El Caracol.</p>,<p>Cette ville sacr&eacute;e &eacute;tait l&rsquo;un des plus grands centres mayas de la p&eacute;ninsule du Yucatan. Tout au long de son histoire - qui s&rsquo;&eacute;tend sur presque mille ans - la ville fut embellie gr&acirc;ce &agrave; la contribution de diff&eacute;rents peuples. Mayas et Tolt&egrave;ques ont laiss&eacute; sur la pierre des monuments et des &oelig;uvres artistiques I&rsquo;empreinte de leur vision du monde et de l&rsquo;univers. L&rsquo;extraordinaire fusion des techniques de construction mayas avec les nouveaux &eacute;l&eacute;ments venus du Mexique central fait de Chichen-Itz&aacute; l&rsquo;un des exemples les plus importants de la civilisation maya-tolt&egrave;que du Yucatan. Plusieurs b&acirc;timents de cette civilisation subsistent - notamment le temple des Guerriers - El Castillo et l&rsquo;observatoire circulaire connu sous le nom d&rsquo;El Caracol.</p>,20.6832466,-88.5675082,Mexico,Latin America and the Caribbean
88,Nubian Monuments from Abu Simbel to Philae,Monuments de Nubie d'Abou Simbel à Philae,<p>This outstanding archaeological area contains such magnificent monuments as the Temples of Ramses II at Abu Simbel and the Sanctuary of Isis at Philae - which were saved from the rising waters of the Nile thanks to the International Campaign launched by UNESCO - in 1960 to 1980.</p>,<p>Cette zone arch&eacute;ologique est jalonn&eacute;e de monuments admirables - comme les temples de Rams&egrave;s II &agrave; Abou Simbel et le sanctuaire d'Isis &agrave; Philae - qui purent &ecirc;tre sauv&eacute;s lors de la construction du haut barrage d'Assouan gr&acirc;ce &agrave; une campagne internationale lanc&eacute;e par l'UNESCO en 1960 qui se poursivit jusqu'en 1980.</p>,22.3368631,31.6256714,Egypt,Arab States
1237,The Dolomites,Les Dolomites,<p>The site of the Dolomites comprises a mountain range in the northern Italian Alps - numbering 18 peaks which rise to above 3 -000 metres and cover 141 -903 ha. It features some of the most beautiful mountain landscapes anywhere - with vertical walls - sheer cliffs and a high density of narrow - deep and long valleys. A serial property of nine areas that present a diversity of spectacular landscapes of international significance for geomorphology marked by steeples - pinnacles and rock walls - the site also contains glacial landforms and karst systems. It is characterized by dynamic processes with frequent landslides - floods and avalanches. The property also features one of the best examples of the preservation of Mesozoic carbonate platform systems - with fossil records.</p>,<p>La cha&icirc;ne de montagnes des Dolomites - situ&eacute;e dans le nord des Alpes italiennes - compte 18 sommets de plus de 3000 m&egrave;tres. Le site couvre 141 903 ha et constitue un des plus beaux paysages de montagne du monde - caract&eacute;ris&eacute; par des murailles verticales - des falaises abruptes et une forte densit&eacute; de vall&eacute;es tr&egrave;s &eacute;troites - longues et profondes. Le bien comprend neuf &eacute;l&eacute;ments repr&eacute;sentatifs de la diversit&eacute; de ces paysages spectaculaires - pics - pinacles - murailles - qui sont d'importance internationale pour la g&eacute;omorphologie. On y trouve aussi des reliefs glaciaires et des syst&egrave;mes karstiques. Le tout est caract&eacute;ris&eacute; par une nature dynamique avec de fr&eacute;quents &eacute;boulements - inondations et avalanches. Le bien pr&eacute;sente aussi un des meilleurs exemples de pr&eacute;servation de syst&egrave;mes de plateformes carbonat&eacute;es du M&eacute;sozo&iuml;que - incluant des registres fossilif&egrave;res.</p>,46.3987337,12.4824721,Italy,Europe and North America
263,Monastery of the Hieronymites and Tower of Belém in Lisbon,Monastère des Hiéronymites et tour de Belém à Lisbonne,<p>Standing at the entrance to Lisbon harbour - the Monastery of the Hieronymites &ndash; construction of which began in 1502 &ndash; exemplifies Portuguese art at its best. The nearby Tower of Bel&eacute;m - built to commemorate Vasco da Gama's expedition - is a reminder of the great maritime discoveries that laid the foundations of the modern world.</p>,<p>&Agrave; l'entr&eacute;e du port de Lisbonne - le monast&egrave;re des hi&eacute;ronymites - dont la construction commen&ccedil;a en 1502 - t&eacute;moigne de l'art portugais &agrave; son apog&eacute;e. Toute proche - l'&eacute;l&eacute;gante tour de Belem - construite pour comm&eacute;morer l'exp&eacute;dition de Vasco de Gama - rappelle les grandes d&eacute;couvertes maritimes qui ont jet&eacute; les fondements du monde moderne.</p>,38.6920369,-9.2151031,Portugal,Europe and North America
1442,Silk Roads: the Routes Network of Chang'an-Tianshan Corridor,Routes de la soie : le réseau de routes du corridor de Chang’an-Tian-shan,<p>This property is a 5 -000&nbsp;km section of the extensive Silk Roads network - stretching from Chang&rsquo;an/Luoyang - the central capital of China in the Han and Tang dynasties - to the Zhetysu region of Central Asia. It took shape between the 2nd century BC and 1st century AD and remained in use until the 16th century - linking multiple civilizations and facilitating far-reaching exchanges of activities in trade - religious beliefs - scientific knowledge - technological innovation - cultural practices and the arts. The thirty-three components included in the routes network include capital cities and palace complexes of various empires and Khan kingdoms - trading settlements - Buddhist cave temples - ancient paths - posthouses - passes - beacon towers - sections of The Great Wall - fortifications - tombs and religious buildings.</p>,<p>Cette section des Routes de la soie s&rsquo;&eacute;tend sur 5&nbsp;000 km - de Chang&rsquo;an/Luoyang - capitale centrale de la Chine sous les dynasties Han et Tang - jusqu&rsquo;&agrave; la r&eacute;gion de Jetyssou - en Asie centrale. Ce corridor a pris forme entre le II<sup>e</sup>&nbsp;si&egrave;cle av. J.-C. et le I<sup>er</sup>&nbsp;si&egrave;cle apr. J.-C.&nbsp;; il a &eacute;t&eacute; utilis&eacute; jusqu&rsquo;au XVI<sup>e</sup>&nbsp;si&egrave;cle - reliant de nombreuses civilisations et facilitant des &eacute;changes &agrave; longue distance en mati&egrave;re de commerce mais aussi de croyances religieuses - de connaissances scientifiques - d&rsquo;innovations technologiques - de pratiques culturelles et artistiques. Parmi les 33 sites inclus dans la nomination figurent d&rsquo;importants ensembles de villes/palais de diff&eacute;rents empires ou royaumes de khans - des &eacute;tablissements de commerce - des temples de grottes bouddhistes - des voies antiques - des relais de poste - des cols - des tours balises - des parties de la Grand Muraille - des fortifications - des tombes et des &eacute;difices religieux.</p>,42.3223898,78.5210466,China,Asia
642,Prambanan Temple Compounds,Ensemble de Prambanan,<p>Built in the 10th century - this is the largest temple compound dedicated to Shiva in Indonesia. Rising above the centre of the last of these concentric squares are three temples decorated with reliefs illustrating the epic of the <em>Ramayana</em> - dedicated to the three great Hindu divinities (Shiva - Vishnu and Brahma) and three temples dedicated to the animals who serve them.</p>,<p>Construit au X<sup>e</sup> siècle - c'est le plus grand ensemble shivaïte d'Indonésie. Au milieu de la dernière des enceintes carrées concentriques s'élèvent les trois temples - décorés de reliefs illustrant l'épopée du <em>Ramayana</em> - dédiés aux trois grandes divinités hindouistes : Shiva - Vishnu et Brahma - et trois temples dédiés aux animaux qui servent de monture à ces dieux.</p>,-7.7519342,110.4915318,Indonesia,Asia
228,Historic Centre of Avignon: Papal Palace - Episcopal Ensemble and Avignon Bridge,Centre historique d’Avignon : Palais des papes - ensemble épiscopal et Pont d’Avignon,<p>In the 14th century - this city in the South of France was the seat of the papacy. The Palais des Papes - an austere-looking fortress lavishly decorated by Simone Martini and Matteo Giovanetti - dominates the city - the surrounding ramparts and the remains of a 12th-century bridge over the Rhone. Beneath this outstanding example of Gothic architecture - the Petit Palais and the Romanesque Cathedral of Notre-Dame-des-Doms complete an exceptional group of monuments that testify to the leading role played by Avignon in 14th-century Christian Europe.</p>,<p>Cette ville du midi de la France fut le si&egrave;ge de la papaut&eacute; au XIV<sup>e</sup> si&egrave;cle. Le palais des Papes - forteresse d'apparence aust&egrave;re somptueusement d&eacute;cor&eacute;e &agrave; l'int&eacute;rieur par Simone Martini et Matteo Giovanetti - domine la cit&eacute; - sa ceinture de remparts et les vestiges d'un pont du XII<sup>e</sup> si&egrave;cle sur le Rh&ocirc;ne. Au pied de ce remarquable exemple d'architecture gothique - le Petit Palais et la cath&eacute;drale romane Notre-Dame-des-Doms ach&egrave;vent de former un exceptionnel ensemble monumental qui t&eacute;moigne du r&ocirc;le &eacute;minent jou&eacute; par Avignon dans l'Europe chr&eacute;tienne au XIV<sup>e</sup> si&egrave;cle.</p>,43.9516407,4.8071731,France,Europe and North America
80,Mont-Saint-Michel and its Bay,Mont-Saint-Michel et sa baie,<p>Perched on a rocky islet in the midst of vast sandbanks exposed to powerful tides between Normandy and Brittany stand the 'Wonder of the West' - a Gothic-style Benedictine abbey dedicated to the archangel St Michael - and the village that grew up in the shadow of its great walls. Built between the 11th and 16th centuries - the abbey is a technical and artistic <em>tour de force</em> - having had to adapt to the problems posed by this unique natural site.</p>,<p>Sur un &icirc;lot rocheux au milieu de gr&egrave;ves immenses soumises au va-et-vient de puissantes mar&eacute;es - &agrave; la limite entre la Normandie et la Bretagne - s'&eacute;l&egrave;vent la &laquo; merveille de l'Occident &raquo; - abbaye b&eacute;n&eacute;dictine de style gothique d&eacute;di&eacute;e &agrave; l'archange saint Michel - et le village n&eacute; &agrave; l'abri de ses murailles. La construction de l'abbaye - qui s'est poursuivie du XI<sup>e</sup> au XVI<sup>e</sup> si&egrave;cle - en s'adaptant &agrave; un site naturel tr&egrave;s difficile - a &eacute;t&eacute; un tour de force technique et artistique.</p>,48.6367393,-1.5106004,France,Europe and North America
932,Jurisdiction of Saint-Emilion,Juridiction de Saint-Émilion,<p>Viticulture was introduced to this fertile region of Aquitaine by the Romans - and intensified in the Middle Ages. The Saint-Emilion area benefited from its location on the pilgrimage route to Santiago de Compostela and many churches - monasteries and hospices were built there from the 11th century onwards. It was granted the special status of a 'jurisdiction' during the period of English rule in the 12th century. It is an exceptional landscape devoted entirely to wine-growing - with many fine historic monuments in its towns and villages.</p>,<p>La viticulture a &eacute;t&eacute; introduite dans cette r&eacute;gion fertile d'Aquitaine par les Romains et s'est intensifi&eacute;e au Moyen &Acirc;ge. Le territoire de Saint-&Eacute;milion a b&eacute;n&eacute;fici&eacute; de sa situation sur la route de p&egrave;lerinage vers Saint-Jacques-de-Compostelle et plusieurs &eacute;glises - monast&egrave;res et hospices y ont &eacute;t&eacute; construits &agrave; partir du XI<sup>e</sup> si&egrave;cle. Le statut particulier de <em>juridiction</em> lui a &eacute;t&eacute; accord&eacute; au cours de la p&eacute;riode du gouvernement anglais au XII<sup>e</sup> si&egrave;cle. Il s'agit d'un paysage exceptionnel - enti&egrave;rement consacr&eacute; &agrave; la viticulture - dont les villes et villages comptent de nombreux monuments historiques de qualit&eacute;.</p>,44.8922129,-0.1572416,France,Europe and North America
292,Cologne Cathedral,Cathédrale de Cologne,<p>Begun in 1248 - the construction of this Gothic masterpiece took place in several stages and was not completed until 1880. Over seven centuries - successive builders were inspired by the same faith and a spirit of absolute fidelity to the original plans. Apart from its exceptional intrinsic value and the artistic masterpieces it contains - Cologne Cathedral testifies to the enduring strength of European Christianity.</p>,<p>Commenc&eacute;e en 1248 - la construction de ce chef-d'&oelig;uvre de l'art gothique se fit par &eacute;tapes et s'acheva en 1880. Au cours de ces sept si&egrave;cles - ses b&acirc;tisseurs successifs furent anim&eacute;s de la m&ecirc;me foi et d'un esprit de fid&eacute;lit&eacute; absolue aux plans d'origine. Outre son exceptionnelle valeur intrins&egrave;que et les chefs-d'&oelig;uvre qu'elle rec&egrave;le - la cath&eacute;drale de Cologne t&eacute;moigne de la force et de la persistance de la foi chr&eacute;tienne en Europe.</p>,50.9412784,6.9582814,Germany,Europe and North America
